{"loss": [319.9880596213043, 143.1561551876366, 101.72914484329522, 78.47362467925996, 62.12722176592797], "accuracy": [94.73, 96.25, 96.74, 97.24, 97.36], "time": [5.196381330490112, 5.0572850704193115, 4.992278099060059, 4.8946990966796875, 4.901122093200684], "num_steps": 10}