{"loss": [325.4231755062938, 148.17040995322168, 101.23018956184387, 76.69171464629471, 59.70412214426324], "accuracy": [94.48, 96.02, 96.85, 97.26, 97.37], "time": [5.2533791065216064, 4.992504119873047, 4.881701231002808, 4.875678062438965, 4.876078128814697], "num_steps": 25}