{"loss": [1140.125854730606, 880.3629149198532, 765.5367956161499, 680.9744657278061, 619.4605639278889], "accuracy": [55.92, 62.04, 65.4, 67.45, 67.51], "time": [9.187233924865723, 7.341098070144653, 7.441211938858032, 7.456865072250366, 7.291337966918945]}