{"loss": [324.5813375040889, 147.91569273360074, 101.95627249591053, 77.37427052576095, 60.5919254287146], "accuracy": [94.34, 96.16, 96.93, 97.0, 97.49], "time": [5.00064492225647, 4.84102725982666, 4.796831130981445, 4.7747509479522705, 4.7903852462768555], "num_steps": 100}