{"loss": [326.9998716637492, 152.88446778431535, 107.40873202681541, 82.61766720283777, 65.38802356808446], "accuracy": [94.49, 96.17, 97.04, 96.99, 97.52], "time": [5.115218877792358, 4.9167327880859375, 4.916440010070801, 4.913083076477051, 4.834766149520874], "num_steps": 50}