{"loss": [297.7396509125829, 135.88257185090333, 98.46293513057753, 80.22227056976408, 66.2678337469697], "accuracy": [94.27, 96.07, 96.52, 96.53, 97.12], "time": [24.131684064865112, 22.579227685928345, 23.20333218574524, 22.84308123588562, 23.241501092910767], "num_steps": 25, "spike_prob_scale": 0.3}