{"loss": [274.809428839013, 118.61622083652765, 88.35071010235697, 75.0425555028487, 63.250857678591274], "accuracy": [95.6, 96.49, 96.14, 96.57, 96.91], "time": [24.17392611503601, 22.747983932495117, 23.018642902374268, 22.832234859466553, 23.33291983604431], "spike_prob_scale": 0.8}