{"loss": [262.54839405976236, 112.3031126416754, 82.05724054714665, 68.8913889953401, 59.29719174478669], "accuracy": [95.74, 96.06, 96.92, 97.18, 97.32], "time": [23.31688928604126, 23.181070804595947, 22.489220142364502, 22.762423038482666, 23.10952091217041], "num_steps": 25, "spike_prob_scale": 0.8}