{"loss": [56.902328725904226, 48.734834760427475, 45.06220269575715, 42.36352204531431, 40.22428584843874], "accuracy": [48.97, 51.89, 53.76, 55.44, 56.66], "time": [357.1284511089325, 363.2571699619293, 356.47307205200195, 379.7876989841461, 369.88361716270447], "num_steps": 15, "use_mse": true}