{"loss": [345.40550404042006, 161.92423784546554, 123.87615606933832, 107.61650175880641, 95.10094408784062], "accuracy": [93.7, 95.33, 96.13, 95.91, 96.5], "time": [12.990581750869751, 12.743974924087524, 12.823350191116333, 12.308961868286133, 12.240185976028442], "num_steps": 10, "spike_prob_scale": 0.5}