{"loss": [1515.7317794561386, 1244.7646852731705, 1145.6582921743393, 1093.0890607833862, 1042.0008382201195], "accuracy": [41.44, 47.22, 47.99, 49.04, 50.73], "time": [74.79844689369202, 73.76789093017578, 72.42492866516113, 72.32589507102966, 73.15405106544495], "num_steps": 25, "use_mse": false}