{"loss": [313.9346135929227, 138.04359789006412, 103.69107392989099, 89.51948758494109, 77.36186210392043], "accuracy": [94.85, 96.17, 96.2, 97.12, 96.88], "time": [23.47375798225403, 22.55864191055298, 22.971801042556763, 22.7653968334198, 23.02184772491455], "spike_prob_scale": 0.4}