{"loss": [268.23931916989386, 116.68532487680204, 87.91469872440211, 72.92076841671951, 67.01522291777655], "accuracy": [94.93, 95.89, 96.47, 96.99, 97.04], "time": [24.095252990722656, 24.002418994903564, 23.535029888153076, 23.101505994796753, 23.32128405570984], "num_steps": 25, "spike_prob_scale": 0.7}