{"loss": [682.9799268785864, 309.30160681996495, 239.8853798096534, 200.62172423297307, 193.7890215223888], "accuracy": [89.25, 93.55, 92.25, 94.51, 94.72], "time": [72.86233592033386, 71.36780714988708, 73.13473892211914, 72.04827976226807, 71.64184665679932], "num_steps": 100}