{"loss": [389.4862640723586, 203.23212818056345, 164.26661061309278, 137.07984913140535, 122.87613812368363], "accuracy": [92.37, 93.59, 93.84, 94.35, 94.53], "time": [24.184064149856567, 22.899091958999634, 24.2207989692688, 23.899408102035522, 23.001233100891113], "spike_prob_scale": 0.8}