{"loss": [1436.4942158460617, 1140.6289238929749, 1024.9523994922638, 949.0167509913445, 890.1441755890846], "accuracy": [45.16, 48.1, 52.13, 54.68, 54.76], "time": [362.69813895225525, 362.4042282104492, 356.3381562232971, 350.3958818912506, 345.1351091861725], "num_steps": 15, "use_mse": false}