{"loss": [1605.7794847488403, 1296.8693908452988, 1181.1726014614105, 1119.6788710355759, 1075.1938499808311], "accuracy": [39.28, 43.67, 46.69, 48.51, 49.13], "time": [31.79148292541504, 30.508872985839844, 30.571453332901, 30.481117010116577, 30.573056936264038], "num_steps": 10}