{"loss": [1319.5743981599808, 1125.7254962921143, 1051.0744767189026, 993.8833482861519, 953.3543251156807], "accuracy": [45.89, 49.62, 51.85, 52.36, 52.22], "time": [115.85521984100342, 115.74916005134583, 115.79602789878845, 115.67159104347229, 115.64856910705566], "num_steps": 5, "use_mse": false}