{"loss": [314.9544995985925, 134.78793552704155, 99.65516897849739, 83.09601116646081, 74.14595995796844], "accuracy": [95.06, 95.72, 96.68, 97.14, 97.03], "time": [22.577947854995728, 22.11192774772644, 22.12626004219055, 22.210580110549927, 22.168045043945312], "spike_prob_scale": 0.5}