{"loss": [409.55435222387314, 211.87196278944612, 163.162260517478, 137.96016394719481, 122.9235929492861], "accuracy": [92.16, 94.81, 94.81, 95.12, 96.05], "time": [15.871871948242188, 12.172757863998413, 12.687659978866577, 12.430460214614868, 12.714517831802368], "spike_prob_scale": 0.5}