{"loss": [1546.2927415370941, 1379.5595158338547, 1327.4694080352783, 1298.6458358764648, 1268.9834164381027], "accuracy": [34.46, 37.35, 38.8, 42.12, 41.09], "time": [18.857446908950806, 17.931628942489624, 17.714808702468872, 17.737823963165283, 17.734364986419678], "num_steps": 5, "use_mse": false}