{"loss": [282.18752777576447, 122.6364530636929, 91.6924231601879, 76.44845517608337, 67.34530891606119], "accuracy": [95.13, 96.59, 96.8, 97.37, 97.09], "time": [23.69714593887329, 22.78098201751709, 22.769313097000122, 23.590651035308838, 23.303110122680664], "spike_prob_scale": 0.7}