{"loss": [309.4251744579524, 130.41905652359128, 100.08426645584404, 88.40823307912797, 82.47473939391784], "accuracy": [94.9, 95.67, 96.57, 95.91, 96.2], "time": [22.49890112876892, 22.00653624534607, 22.089632987976074, 21.96660614013672, 21.989166259765625], "num_steps": 25, "spike_prob_scale": 1.5}