{"loss": [53.85393638163805, 49.2810615003109, 47.89981135353446, 47.01212369650602, 46.33012384176254], "accuracy": [35.06, 39.16, 38.26, 42.82, 43.85], "time": [19.356902837753296, 18.64075517654419, 18.91371178627014, 18.420838832855225, 18.473900079727173], "num_steps": 5}