{"loss": [382.25180784612894, 204.01700393855572, 158.64910394698381, 134.98794955387712, 121.11309536918998], "accuracy": [91.41, 93.0, 94.08, 94.71, 94.77], "time": [23.070782899856567, 22.893852949142456, 22.803876876831055, 22.87169599533081, 22.78801202774048], "spike_prob_scale": 0.5}