{"loss": [275.10611897613853, 117.04903544997796, 89.53192632528953, 74.28269658470526, 67.30383350374177], "accuracy": [95.64, 96.1, 96.87, 97.0, 96.89], "time": [23.902856826782227, 23.070229053497314, 22.831465244293213, 23.89405107498169, 22.987000942230225], "spike_prob_scale": 1.0}