{"loss": [293.4519838821143, 121.05812536505982, 92.3886369233951, 81.99702984839678, 68.26621729577892], "accuracy": [95.39, 96.5, 96.69, 96.95, 97.14], "time": [23.716986894607544, 24.525906085968018, 23.060060024261475, 22.592756986618042, 22.77671504020691], "spike_prob_scale": 1.5}