{"loss": [290.0594657585025, 118.11934457300231, 86.85438605258241, 71.58869384694844, 61.35275057540275], "accuracy": [94.87, 96.77, 96.78, 97.33, 97.25], "time": [23.393333911895752, 27.10239887237549, 22.351482152938843, 23.212390184402466, 22.70013999938965], "num_steps": 25, "spike_prob_scale": 0.4}