{"loss": [67.32969035208225, 61.81894014775753, 59.06037751585245, 57.98894000425935, 56.73681478947401], "accuracy": [34.96, 39.55, 41.58, 41.13, 44.13], "time": [19.259930849075317, 18.30465531349182, 18.23431396484375, 18.217478036880493, 18.335163831710815], "num_steps": 5}