{"loss": [62.18986027315259, 56.563954062759876, 53.91670434176922, 51.84990714862943, 50.693610332906246], "accuracy": [40.78, 45.37, 47.29, 49.1, 48.67], "time": [34.14231610298157, 31.226553916931152, 31.258790969848633, 31.424906969070435, 31.279385089874268], "num_steps": 10, "use_mse": true}