{"loss": [297.36688282340765, 127.1978863812983, 94.66616803547367, 76.57949672779068, 66.46941864304245], "accuracy": [95.26, 96.15, 97.23, 97.34, 97.52], "time": [23.12063431739807, 22.340192794799805, 22.70545721054077, 22.919339895248413, 22.78932785987854], "spike_prob_scale": 0.6}