{"loss": [290.88933692499995, 125.23815579712391, 104.58978619333357, 87.07635144563392, 73.67631011316553], "accuracy": [94.96, 95.81, 96.72, 97.04, 97.14], "time": [12.06383991241455, 11.406630992889404, 11.424987077713013, 11.406928062438965, 11.39375376701355], "num_steps": 10}