{"loss": [406.59532630071044, 204.91708690300584, 158.89175092801452, 131.33129923790693, 117.88467518240213], "accuracy": [92.97, 93.97, 95.52, 95.66, 95.26], "time": [23.428249835968018, 24.215029001235962, 22.867096185684204, 22.74389410018921, 22.76582098007202], "spike_prob_scale": 0.2}