{"loss": [283.3620170671493, 123.41830813139677, 95.2096910844557, 82.07733793230727, 70.54257086059079], "accuracy": [95.83, 96.28, 96.26, 96.61, 96.63], "time": [22.77341318130493, 22.10173988342285, 22.020539045333862, 21.948243856430054, 21.854644775390625], "num_steps": 25}