{"loss": [50.87671599537134, 46.35898204147816, 43.95495091751218, 42.76423214748502, 41.751247834414244], "accuracy": [39.89, 43.6, 46.88, 47.61, 47.42], "time": [32.12765979766846, 31.651662826538086, 31.46091389656067, 31.364678859710693, 31.491291046142578], "num_steps": 10}