{"loss": [1393.1818219423294, 1131.5224529504776, 1027.7464494109154, 951.0466237068176, 904.0720337033272], "accuracy": [46.35, 46.65, 52.54, 54.01, 53.94], "time": [223.1957449913025, 222.47146224975586, 231.17538785934448, 223.11046695709229, 223.12343502044678], "num_steps": 10, "use_mse": false}