{"loss": [61.813516300171614, 55.93936035037041, 53.079563435167074, 51.91392281651497, 50.83611028641462], "accuracy": [41.09, 43.9, 47.76, 49.03, 49.76], "time": [32.69812512397766, 31.390294790267944, 31.55115509033203, 31.832188367843628, 32.1225471496582], "num_steps": 10}