{"loss": [267.7474385816604, 113.29524016659707, 88.37051663268358, 73.65653312392533, 64.96458072180394], "accuracy": [95.87, 96.54, 96.23, 96.27, 96.57], "time": [23.017182111740112, 23.182042121887207, 23.146581888198853, 22.858592748641968, 22.971554040908813], "num_steps": 25, "spike_prob_scale": 0.9}