{"loss": [534.3717600107193, 307.96928099542856, 247.20732625573874, 214.19662662222981, 187.23187978565693], "accuracy": [88.58, 91.31, 92.27, 92.62, 94.03], "time": [22.974874019622803, 22.560670852661133, 22.579339027404785, 22.813146829605103, 23.115665912628174], "spike_prob_scale": 0.1}