{"loss": [336.21069530025125, 152.27134238369763, 113.6121104247868, 96.62887462414801, 79.95187525334768], "accuracy": [94.43, 95.78, 95.18, 96.17, 96.6], "time": [22.711853981018066, 22.326820850372314, 22.410686016082764, 23.0671489238739, 22.705451011657715], "num_steps": 25, "spike_prob_scale": 0.2}