{"loss": [1561.1347793340683, 1315.832259297371, 1230.106840968132, 1186.2267112731934, 1170.5274925231934], "accuracy": [35.82, 40.93, 44.35, 44.28, 47.51], "time": [32.71059799194336, 30.82905602455139, 30.464371919631958, 31.46706199645996, 30.543756008148193], "num_steps": 10, "use_mse": false}