{"loss": [350.38913187012076, 155.5512192407623, 118.72823346033692, 98.67981902137399, 84.93862264091149], "accuracy": [93.84, 95.5, 96.01, 96.73, 95.83], "time": [23.271128177642822, 22.45687174797058, 22.46768093109131, 24.424213886260986, 23.1194109916687], "spike_prob_scale": 0.3}