{"loss": [275.291802207008, 110.7932672095485, 82.90926359617151, 65.87223860179074, 59.71108695922885], "accuracy": [95.44, 96.65, 97.08, 97.11, 97.23], "time": [23.028820991516113, 22.135319709777832, 22.060098886489868, 22.156327962875366, 21.947221755981445], "num_steps": 25, "spike_prob_scale": 0.5}