{"loss": [396.8158066794276, 162.7081996484194, 120.5269401462283, 108.86084115109406, 92.97842618008144], "accuracy": [93.06, 96.21, 96.3, 95.25, 96.53], "time": [39.649173974990845, 38.43591809272766, 38.75275111198425, 38.33798599243164, 89.53107810020447], "num_steps": 50}