{"loss": [272.11426214966923, 115.98972329683602, 86.7287457974162, 73.25582525122445, 68.52906350570265], "accuracy": [95.08, 96.01, 96.92, 97.29, 97.05], "time": [24.525533199310303, 23.29520320892334, 22.943072080612183, 22.807859897613525, 22.863201141357422], "spike_prob_scale": 0.9}