{"loss": [270.9551511090249, 110.44913439638913, 86.31861720699817, 69.96210421179421, 59.76357851503417], "accuracy": [95.7, 96.51, 96.66, 96.85, 97.05], "time": [23.822751998901367, 23.10897994041443, 23.415916919708252, 22.621347904205322, 24.272284984588623], "num_steps": 25, "spike_prob_scale": 0.6}