{"loss": [59.25787767022848, 52.18206489831209, 48.975939609110355, 46.85450194031, 45.23575174063444], "accuracy": [44.58, 49.02, 51.93, 51.54, 53.07], "time": [121.25487327575684, 118.46045112609863, 118.66026592254639, 118.71262192726135, 120.00441884994507], "num_steps": 5, "use_mse": true}