{"loss": [56.983172722160816, 49.44067274406552, 46.03953193500638, 43.85561006516218, 41.64050059765577], "accuracy": [48.63, 51.86, 55.26, 55.47, 56.07], "time": [227.52322578430176, 234.42687892913818, 226.8127417564392, 226.78672099113464, 226.90648818016052], "num_steps": 10, "use_mse": true}