{"loss": [1569.391618847847, 1247.553207874298, 1162.1353183984756, 1109.933201611042, 1075.4586703181267], "accuracy": [40.29, 44.9, 47.74, 46.95, 49.83], "time": [47.577370166778564, 45.553861141204834, 45.851743936538696, 45.54059076309204, 45.531739950180054], "num_steps": 15, "use_mse": false}