{"loss": [439.320705473423, 222.80565997585654, 175.72006317786872, 148.75116593576968, 130.73083023447543], "accuracy": [91.79, 93.26, 94.51, 95.3, 94.99], "time": [23.2496280670166, 22.872987985610962, 22.382330179214478, 22.586870908737183, 22.979528188705444], "num_steps": 25, "spike_prob_scale": 0.1}