{"loss": [1597.9688903093338, 1396.0188353061676, 1323.4919834136963, 1288.8990749120712, 1267.4495369195938], "accuracy": [31.5, 37.01, 38.95, 40.16, 41.61], "time": [30.997244358062744, 30.8985538482666, 30.424598217010498, 30.43879795074463, 31.829365968704224], "num_steps": 10}