{"loss": [273.22831433452666, 115.85611118748784, 92.9112946363166, 80.45809762540739, 73.15079917910043], "accuracy": [95.26, 95.29, 96.76, 96.78, 96.98], "time": [21.963177919387817, 21.992554903030396, 22.249563932418823, 22.110949993133545, 22.556627988815308], "num_steps": 25, "spike_prob_scale": 1.0}