{"num_steps": 25, "spike_prob_scale": 1.5, "total_spikes": 168557.0, "firing_rate": 0.0674228, "sparsity": 0.9325772}