{"num_steps": 25, "spike_prob_scale": 0.4, "total_spikes": 267211.0, "firing_rate": 0.1068844, "sparsity": 0.8931156}