{"num_steps": 25, "spike_prob_scale": 0.6, "total_spikes": 270911.0, "firing_rate": 0.1083644, "sparsity": 0.8916356}