{"num_steps": 25, "spike_prob_scale": 0.9, "total_spikes": 204937.0, "firing_rate": 0.0819748, "sparsity": 0.9180252}