{"num_steps": 10, "total_spikes": 784245.0, "firing_rate": 0.1307075, "sparsity": 0.8692925}