{"num_steps": 25, "spike_prob_scale": 0.3, "total_spikes": 709487.0, "firing_rate": 0.2837948, "sparsity": 0.7162052}