{"num_steps": 50, "total_spikes": 1055855.0, "firing_rate": 0.035195166666666666, "sparsity": 0.9648048333333333}