{"num_steps": 25, "spike_prob_scale": 0.8, "total_spikes": 304458.0, "firing_rate": 0.1217832, "sparsity": 0.8782168}