{"num_steps": 25, "spike_prob_scale": 1.0, "total_spikes": 170284.0, "firing_rate": 0.0681136, "sparsity": 0.9318864}