{"num_steps": 25, "total_spikes": 974471.0, "firing_rate": 0.06496473333333333, "sparsity": 0.9350352666666667}