{"num_steps": 25, "spike_prob_scale": 0.6, "total_spikes": 213088.0, "firing_rate": 0.0852352, "sparsity": 0.9147648}