{"num_steps": 25, "spike_prob_scale": 0.2, "total_spikes": 427518.0, "firing_rate": 0.1710072, "sparsity": 0.8289928}