{"num_steps": 25, "spike_prob_scale": 0.8, "total_spikes": 233956.0, "firing_rate": 0.0935824, "sparsity": 0.9064176}