{"num_steps": 25, "spike_prob_scale": 0.2, "total_spikes": 353891.0, "firing_rate": 0.1415564, "sparsity": 0.8584436}