{"num_steps": 25, "spike_prob_scale": 0.3, "total_spikes": 363206.0, "firing_rate": 0.1452824, "sparsity": 0.8547176}