{"num_steps": 25, "spike_prob_scale": 1.5, "total_spikes": 190153.0, "firing_rate": 0.0760612, "sparsity": 0.9239388}