{"num_steps": 25, "spike_prob_scale": 0.1, "total_spikes": 405137.0, "firing_rate": 0.1620548, "sparsity": 0.8379452000000001}