{"num_steps": 25, "spike_prob_scale": 0.5, "total_spikes": 273153.0, "firing_rate": 0.1092612, "sparsity": 0.8907388}