{"num_steps": 100, "total_spikes": 1014231.0, "firing_rate": 0.01690385, "sparsity": 0.98309615}