{"num_steps": 25, "spike_prob_scale": 0.5, "total_spikes": 253606.0, "firing_rate": 0.1014424, "sparsity": 0.8985576}