{"num_steps": 25, "spike_prob_scale": 0.7, "total_spikes": 325761.0, "firing_rate": 0.1303044, "sparsity": 0.8696956}