{"num_steps": 25, "spike_prob_scale": 0.1, "total_spikes": 394043.0, "firing_rate": 0.1576172, "sparsity": 0.8423828}