{"num_steps": 25, "spike_prob_scale": 0.4, "total_spikes": 692129.0, "firing_rate": 0.2768516, "sparsity": 0.7231484}